{"cameraMode":{"drawMode":0,"name":"Shaded","section":"Shading Mode"},"sceneLighting":true,"audioPlay":false,"sceneViewState":{"m_AlwaysRefresh":true,"showFog":true,"showSkybox":true,"showFlares":true,"showImageEffects":true,"showParticleSystems":true,"showVisualEffectGraphs":true,"m_FxEnabled":true},"in2DMode":false,"pivot":{"x":452.09674072265627,"y":27.240585327148439,"z":391.08477783203127},"rotation":{"x":-0.16270826756954194,"y":0.4288933277130127,"z":-0.07888833433389664,"w":-0.885172426700592},"size":187.94642639160157,"orthographic":true}